"Species_epithet","new_stage","mean","loCI","hiCI","stdv"
"grandiflorum","A",24.6277777777778,24.3842243880433,24.8713311675123,0.123500826063675
"grandiflorum","G",4.36049382716049,3.77933070312802,4.94165695119296,0.292032463802652
"grandiflorum","T",17.0509090909091,15.6892533217667,18.4125648600515,0.687022252480766
"koreanum","A",27.7941520467836,27.4858733537053,28.1024307398619,0.156168228914474
"koreanum","C",3.25757575757576,2.92871519950007,3.58643631565144,0.166550923998232
"koreanum","G",8.075,7.7749789761862,8.37502102381379,0.151463995157547
"koreanum","T",18.1571428571429,16.8813314071684,19.4329543071173,0.642184426203236
"violaceum","A",31.56,30.8726857345187,32.2473142654813,0.347254670885235
"violaceum","C",1.35137614678899,1.13426429011285,1.56848800346513,0.109532217287981
"violaceum","G",4.20212765957447,3.648397669699,4.75585764944993,0.275091261649498
"violaceum","T",20.6578947368421,18.3178957526809,22.9978937210033,1.1681067393174
